City,Date time,Maximum Temperature,Minimum Temperature,Temperature,Wind Chill,Heat Index,Precipitation,Snow,Snow Depth,Wind Speed,Wind Direction,Wind Gust,Visibility,Cloud Cover,Relative Humidity,Conditions
London,3/1/2020,10.5,5.1,7.1,0.6,,0,0,0,19.7,236.92,33.3,9.9,0.3,64.34,Clear
London,3/2/2020,10,4.2,6.3,0.6,,6.49,0,0,16.4,234.67,,9.5,0.9,73.88,Rain
London,3/3/2020,9.2,2.1,5.5,-1,,0.49,0,0,14.7,252.79,,10.1,0.5,76.2,Rain
London,3/4/2020,8.6,2.2,5.3,0,,3,0,0,10.8,158.67,,7.1,0.9,85.73,Rain
London,3/5/2020,6.6,5.6,6.2,2,,16,0,0,15,106.71,31.1,5.1,1.6,89.53,Rain
London,3/6/2020,9.6,3.2,6.3,1,,2.01,0,0,12.5,296.29,,9,0.5,68.39,Rain
London,3/7/2020,12.7,2.2,7.9,-0.5,,0,0,0,18.3,232.46,33.3,7.7,0.8,80.1,Clear
London,3/8/2020,13.1,7.1,10,3.9,,3.21,0,0,20.1,236.79,38,8.7,1,75.65,Rain
London,3/9/2020,11.1,4.7,7.7,1,,1.2,0,0,16.6,242.33,31.1,8,0.9,78.73,Rain
London,3/10/2020,15.7,10.7,13,,,5,0,0,22.9,249.67,42.5,9.2,1.6,84.2,Rain
London,3/11/2020,14.6,9.2,11.3,7,,0.2,0,0,20.7,244.33,35.4,9.8,1.2,76.86,Rain
London,3/12/2020,10.6,5.2,8,1.4,,0.8,0,0,26.7,251.5,42.5,9.7,0.5,62.02,Rain
London,3/13/2020,12.5,6.6,8.6,2.3,,0,0,0,18,253.13,28.9,9.5,0.7,64.68,Clear
London,3/14/2020,12.6,7.1,9.7,4.2,,3,0,0,14.1,194.13,25.3,8.6,1.2,79.28,Rain
London,3/15/2020,12,7.6,9.9,5.8,,0.6,0,0,16.7,235.21,30,9.3,1.4,80.29,Rain
London,3/16/2020,12.7,4.1,8.3,1.2,,0.4,0,0,8.4,273.5,,9.7,0.2,67.57,Rain
London,3/17/2020,13.6,5.5,9.7,3,,0,0,0,14.4,230.17,23,8.8,0.8,77.68,Clear
London,3/18/2020,15.5,9.6,11.9,7.9,,0,0,0,14.8,239.5,,8.7,1.6,79.96,Clear
London,3/19/2020,8.7,6.6,7.8,3.4,,0.6,0,0,11,72.38,,4.4,1.6,89.14,Rain
London,3/20/2020,10,6,7.7,2.3,,0.2,0,0,16.9,60,32.2,9.7,1.2,68.73,Rain
London,3/21/2020,10.1,4.7,7,0.9,,0,0,0,23.8,76,36.2,9.4,0.6,61.81,Clear
London,3/22/2020,10,4.5,7.1,1,,0,0,0,21.1,74.46,32.2,9.6,0.2,63.05,Clear
London,3/23/2020,11.5,3.7,7.4,0.6,,0,0,0,15.4,96.42,,10.4,0,55.03,Clear
London,3/24/2020,15.6,3,8.9,0.6,,0,0,0,9.1,127.33,,9.7,0,48.81,Clear
London,3/25/2020,13.1,2.1,7.5,0.8,,0,0,0,13.5,102.92,,9.2,0,50.93,Clear
London,3/26/2020,13.1,2.6,7.6,1.2,,0,0,0,16.3,109.21,,7.4,0,55.46,Clear
London,3/27/2020,13.6,3.5,8.3,1.7,,0,0,0,17.1,56.58,25.4,6.9,0,59.81,Clear
London,3/28/2020,11.1,5.5,7.7,2.4,,0,0,0,18.3,42.46,33.3,8.5,0.5,63.05,Clear
London,3/29/2020,8,3.5,5.6,0.4,,0.2,0,0,21.2,37.21,41.4,9.9,0.6,54.44,Rain
London,3/30/2020,10.1,3.1,6.1,0.2,,0.2,0,0,14,118.83,30,10.1,1,69.03,Rain
London,3/31/2020,10.6,3.6,6.7,0.7,,0.2,0,0,13.7,57.21,,9.5,0.6,65.46,Rain
London,4/1/2020,9,1.5,6.4,-0.4,,0.2,0,0,8.2,268.54,,9.6,0.6,62.2,Rain
London,4/2/2020,13.1,6.2,10,3.7,,0,0,0,15,281.54,,10.6,1.3,63.4,Clear
London,4/3/2020,13.1,5.7,9.7,4.3,,0,0,0,8.6,263.33,,10.1,0.9,61.5,Clear
London,4/4/2020,16.6,3.7,10.4,2.8,,0,0,0,11,182.92,,9.2,0.1,63.96,Clear
London,4/5/2020,21.1,8.1,15,5.3,,0,0,0,14.7,139.88,,10.5,0,46.97,Clear
London,4/6/2020,17.5,9.7,13.9,,,0.4,0,0,13.1,239.46,,9.7,0.4,60.41,Rain
London,4/7/2020,19.5,6.1,12.8,,,0,0,0,12.2,132.96,,9.4,0.1,60.57,Clear
London,4/8/2020,20,10.6,15,,,0,0,0,11.5,105.79,,6,0.3,60.07,Clear
London,4/9/2020,21.6,9.7,15,9.2,,0,0,0,15.9,86.38,,5.5,0.1,61.19,Clear
London,4/10/2020,22.1,9.2,14.7,7.4,,0,0,0,14.7,91.54,,6.4,0.1,64.68,Clear
London,4/11/2020,25,9.2,16.8,7.9,,0,0,0,11.3,121.88,,7.9,0.2,58.56,Clear
London,4/12/2020,24.5,10.6,17.1,,,2,0,0,13.6,192.29,28.9,8,0.2,54.98,Rain
London,4/13/2020,12.6,6.5,9.4,3.2,,0,0,0,21.5,60,34.4,9,1.1,56.34,Clear
London,4/14/2020,12.6,5.1,8.3,2.4,,0,0,0,11.2,81.46,,10.3,0.6,53.48,Clear
London,4/15/2020,18.5,4.1,10.5,3.7,,0,0,0,14.3,90.42,19.7,8.4,0,59.26,Clear
London,4/16/2020,19,6.5,12.8,5.4,,0,0,0,10.8,76.83,18.3,5.4,0.2,63.43,Clear
London,4/17/2020,14.5,8.6,11.4,5.7,,0.6,0,0,19.4,77.46,,7.8,0.4,67.37,Rain
London,4/18/2020,14.5,7.2,10.3,4.8,,4.82,0,0,10.2,63.08,,6.8,1.5,77.27,Rain
London,4/19/2020,18.5,7.6,12.1,6.6,,0,0,0,17.3,92.63,,8.7,0.2,61.52,Clear
London,4/20/2020,18,7.1,12.4,5.5,,0,0,0,24.8,57.29,34.8,9,0,54.39,Clear
London,4/21/2020,17.6,9.7,13.6,7.3,,0,0,0,21.7,67.17,30,9.4,0,50.19,Clear
London,4/22/2020,20.5,8.6,14.5,7.4,,0.2,0,0,19.3,59.58,,8.4,0,52.65,Rain
London,4/23/2020,23.1,8.1,15.1,7.2,,0,0,0,11.2,77.96,,8,0.1,56.06,Clear
London,4/24/2020,21.6,9.1,14.8,8.7,,0,0,0,12.7,74.88,,8.2,0,55.06,Clear
London,4/25/2020,15,7.6,10.8,5,,0,0,0,12.8,93.54,,8.4,0.8,69.16,Clear
London,4/26/2020,20.5,4.6,13,6.9,,0,0,0,11.3,151.92,,9.2,0,61.56,Clear
London,4/27/2020,18.1,7.7,13.1,6.1,,0,0,0,14,196.63,,8,0.6,62.68,Clear
London,4/28/2020,11,7.7,8.8,5,,11.4,0,0,13.9,72.46,,5.7,1.5,88.18,Rain
London,4/29/2020,14,7.7,10.6,6.5,,6,0,0,13.1,227,,7.4,1.2,79.57,Rain
London,4/30/2020,13.6,6.6,9.6,3.9,,10,0,0,18.1,216.67,39.1,8.6,0.7,81.62,Rain
London,5/1/2020,15,8,11.1,5.8,,0.4,0,0,17.6,260.08,33.3,10,0.7,70.89,Rain
London,5/2/2020,17.6,7.2,12,4.2,,0,0,0,12.4,270.38,,11.6,0.3,61.6,Clear
London,5/3/2020,15.1,9.2,12.5,8.4,,0.2,0,0,8.7,138.21,,10.1,0.9,65.49,Rain
London,5/4/2020,17.1,9,13.1,6.1,,0,0,0,17.3,83.38,,9.6,0.5,64.65,Clear
London,5/5/2020,15,8.1,11,5.8,,0,0,0,20.5,81.75,30,10.4,0.5,60.85,Clear
London,5/6/2020,17.5,6,11.9,4.1,,0,0,0,12.7,82.46,,8.9,0.1,61.83,Clear
London,5/7/2020,22.6,7.5,15.3,6.8,,0,0,0,9.2,149.96,17.2,8.9,0.1,60.4,Clear
London,5/8/2020,24.1,10.1,17.4,,,0,0,0,9.9,178.38,,9.2,0.1,53.11,Clear
London,5/9/2020,24.1,11.1,17.8,,,0,0,0,14,85.33,,7.4,0.1,53.18,Clear
London,5/10/2020,18.1,7.5,12.9,4.4,,0,0,0,20.3,90.29,36.9,8.2,0.8,63.18,Clear
London,5/11/2020,12.1,5.6,8.8,2.4,,0,0,0,22.4,60.21,42.5,11.2,0.5,50.08,Clear
London,5/12/2020,15.1,3.1,9.8,1.8,,0,0,0,9.6,286.71,,10.6,0.2,52.98,Clear
London,5/13/2020,12.6,6.2,9.7,4.4,,0,0,0,15.3,107.88,30,12.8,0.5,54.43,Clear
London,5/14/2020,13.5,4.2,9,1.8,,0,0,0,13.5,56.33,,11.1,0.2,58.15,Clear
London,5/15/2020,18.5,4.2,12.2,4.6,,0,0,0,9.3,230.96,,10.3,0.1,54.56,Clear
London,5/16/2020,18,9.2,13.2,8.5,,0,0,0,10.3,300.67,,10.7,0.4,52.56,Clear
London,5/17/2020,20,8.2,14.5,6.7,,0,0,0,12.9,255.5,24.2,10.8,0.2,57.37,Clear
London,5/18/2020,23.6,10.7,17.1,,,0,0,0,14.6,257.83,25.3,11.2,0.2,52.14,Clear
London,5/19/2020,25.6,12.6,19,,,0,0,0,10.7,265.08,,11.2,0.2,58.58,Clear
London,5/20/2020,27.1,13.2,20.7,,26.7,0,0,0,10,208.46,,10.7,0.1,53.1,Clear
London,5/21/2020,27.5,14.6,21.4,,26.7,0,0,0,8.1,225.88,,12.5,0.3,50.23,Clear
London,5/22/2020,22,13.6,18.8,,,0,0,0,20.4,225.79,34.4,9.3,0.5,50.79,Clear
London,5/23/2020,19,11.6,14.8,,,1.2,0,0,23.6,254.42,48.3,9.3,0.4,55.58,Rain
London,5/24/2020,22.6,11.2,16.4,,,0,0,0,16.3,277,28.9,9.5,0.6,59.17,Clear
London,5/25/2020,25.1,11.2,18.8,,,0,0,0,10.7,242.88,,9.9,0.1,53.52,Clear
London,5/26/2020,26.1,12.1,19.9,,,0,0,0,13.3,235.33,,10.7,0.2,51.1,Clear
London,5/27/2020,24.5,14,19.2,,,0,0,0,13.7,75.5,,10.8,0.3,55.26,Clear
London,5/28/2020,20.6,12,16.5,,,0,0,0,16,86.17,25.3,10.5,0.5,52.67,Clear
London,5/29/2020,22.6,11.6,17,,,0,0,0,14.3,87.17,,10.4,0,50.2,Clear
London,5/30/2020,24.1,10.5,17.8,,,0,0,0,17.6,73.33,,9.5,0.1,53.02,Clear
London,5/31/2020,23.6,13.1,18.3,,,0,0,0,19.2,75.04,30,12,0,47.74,Clear
London,6/1/2020,25.5,12.5,19,,,0,0,0,12.8,67.38,,12.4,0,52.91,Clear
London,6/2/2020,24.6,13.1,19.1,,,0,0,0,8.6,206.92,20.8,11.8,0.1,47.98,Clear
London,6/3/2020,19.1,12.7,16.5,,,0.2,0,0,12.8,62.75,28.9,10.7,0.8,63.87,Rain
London,6/4/2020,16.5,11.1,13.2,,,0.2,0,0,12.3,288.63,,11.1,8.1,65.32,Rain
London,6/5/2020,17,10.6,12.9,,,2.01,0,0,20.5,278.63,36.8,12.3,0.9,61.01,Rain
London,6/6/2020,13.5,8.2,10.6,4.7,,7.98,0,0,22.7,255.92,34.6,11.2,0.9,73.92,Rain
London,6/7/2020,18.1,7.7,12.8,5.3,,3.74,0,0,11.4,204.17,,11,0.8,76.02,Rain
London,6/8/2020,15.7,10.7,13.1,,,0,0,0,10.2,166.96,,11.4,1.4,64.88,Clear
London,6/9/2020,19.1,9.2,14.6,8.9,,0,0,0,9.8,89.33,,11.1,0.7,56.52,Clear
London,6/10/2020,15.1,11.6,13.4,,,2.88,0,0,9.6,182.67,,8.2,1.2,79.61,Rain
London,6/11/2020,19.6,11.6,15,,,0.61,0,0,18.1,64.29,31.1,8.3,1.6,77.65,Rain
London,6/12/2020,20.1,14.1,16.8,,,0.21,0,0,19.1,77.46,30.1,6.6,1.3,78.33,Rain
London,6/13/2020,23.5,13.6,18.6,,,1.22,0,0,17.1,110.25,31.1,11.3,0.3,66.77,Rain
London,6/14/2020,22.1,13.7,18.3,,,1.21,0,0,10.6,167.33,,10.8,0.5,67.72,Rain
London,6/15/2020,23.5,12.2,18.1,,,2.27,0,0,7.4,226.5,,10.8,0.3,67.4,Rain
London,6/16/2020,23.3,14.1,18.7,,,1.31,0,0,10.2,199.54,,10.5,2.9,65.08,Rain
London,6/17/2020,21.2,13.6,17.1,,,17.13,0,0,8.1,182.5,,9.8,0.7,78.17,Rain
London,6/18/2020,19.7,14.2,16.2,,,17.2,0,0,11.4,213.92,,7.8,1.1,82.76,Rain
London,6/19/2020,19.2,14,16.2,,,0.81,0,0,16.5,213,27.7,9.9,1.3,74.41,Rain
London,6/20/2020,21.6,13.1,17.3,,,0.4,0,0,12.2,208.46,,11,0.7,69.2,Rain
London,6/21/2020,22.5,14.7,18.1,,,1.51,0,0,16.3,227.63,34.4,10.7,0.7,64.3,Rain
London,6/22/2020,22.7,11.2,17.6,,,0,0,0,11.5,225.75,,9.5,0.1,60.6,Clear
London,6/23/2020,27.7,13.2,21.1,,27.4,0,0,0,8.8,164.42,,10.2,0,57.98,Clear
London,6/24/2020,29.9,16.7,23.7,,29,0,0,0,13.4,88.58,,10.2,0,54.06,Clear
London,6/25/2020,30.7,18.2,24.6,,30.5,0,0,0,18,89.13,,11.5,0,54.37,Clear
London,6/26/2020,29.6,16.6,23.2,,29.6,0.6,0,0,15.2,178.92,,10.4,0.3,62.91,Rain
London,6/27/2020,20.5,15.6,17.6,,,2.61,0,0,19.6,205.29,33.2,9.1,1.3,74.58,Rain
London,6/28/2020,20.1,12.6,16,,,1.47,0,0,20.5,239.29,35.4,10.9,1,67.61,Rain
London,6/29/2020,19.7,12.6,15.8,,,2.99,0,0,21.7,245.96,38.3,10.8,1.1,60.35,Rain
London,6/30/2020,18.6,13.2,16.1,,,2.41,0,0,13.4,238.38,,10.1,1.5,77.13,Rain
London,7/1/2020,20.1,14.6,17.5,,,5.38,0,0,13.8,241.71,28.9,11.3,1.1,74.86,Rain
London,7/2/2020,20.1,12.7,16,,,5.21,0,0,15.8,255.92,,11.7,0.8,79.62,Rain
London,7/3/2020,20.2,12.7,16.3,,,5,0,0,19.6,239.46,31.6,10.3,0.9,74.68,Rain
London,7/4/2020,20.2,15.6,17.8,,,1.2,0,0,18.8,230.96,32.2,9,1.8,83.69,Rain
London,7/5/2020,21.5,14.2,18.3,,,0.2,0,0,26.5,252.13,40,10.5,0.9,61.62,Rain
London,7/6/2020,19.6,12.2,16.1,,,0,0,0,16.6,285.13,30,10.6,0.6,58.92,Clear
London,7/7/2020,20.2,11.2,15.9,,,0,0,0,13.8,255.46,,9.3,0.9,65.72,Clear
London,7/8/2020,19.5,14.2,16.9,,,10.2,0,0,10.2,246.33,,7.2,1.6,90.07,Rain
London,7/9/2020,19.6,15.5,17.6,,,4.81,0,0,14.6,245.75,,9.2,1.6,86.14,Rain
London,7/10/2020,18.6,13,15.8,,,2.2,0,0,14.3,309.21,,11.8,1,66.59,Rain
London,7/11/2020,20.1,10.1,15.9,,,0,0,0,12.2,250.88,,13.3,0.3,58.69,Clear
London,7/12/2020,24.1,10.7,17.9,,,0,0,0,9.5,163,,12.2,0.2,56.02,Clear
London,7/13/2020,24.7,13.7,19.5,,,0,0,0,14.4,257.46,0,12,0.5,53.47,Clear
London,7/14/2020,20.7,15.6,18.2,,,1.6,0,0,8.6,303.83,0,11,1.2,69.1,Rain
London,7/15/2020,18.7,13.7,16.7,,,0,0,0,11.2,289.75,,13,1.3,67.41,Clear
London,7/16/2020,22.6,16.2,19.1,,,0,0,0,11.8,252.17,5.8,13,1.7,68.57,Clear
London,7/17/2020,27.2,17.7,22.1,,26.9,0,0,0,12.8,248.92,,12.4,0.6,59.9,Clear
London,7/18/2020,25,15.7,20.1,,,0,0,0,12.3,267.38,,12.3,0.7,61.84,Clear
London,7/19/2020,20,15,17.5,,,0.6,0,0,9.5,184,,11.4,1.1,69.48,Rain
London,7/20/2020,23,12.5,17.5,,,0,0,0,9.2,216.67,20.8,12.5,0.3,51.36,Clear
London,7/21/2020,22.6,13.1,17.7,,,0,0,0,7.3,222.17,,12.3,0.1,48.66,Clear
London,7/22/2020,25.1,15.5,20,,,0,0,0,11.6,220,,12.1,0.3,49.88,Clear
London,7/23/2020,25.1,14.2,19.6,,,0,0,0,14.1,235.67,,12.6,0.6,56.26,Clear
London,7/24/2020,24.2,17.1,20.2,,,0,0,0,11.5,245.17,,11.9,1.1,66.69,Clear
London,7/25/2020,21.2,14.7,18.2,,,4.02,0,0,17.4,224.92,28.9,9.9,1.3,84.09,Rain
London,7/26/2020,22,13.1,17.2,,,6.78,0,0,15.6,242.71,30,10.6,0.9,77.92,Rain
London,7/27/2020,20.7,16.2,18,,,2.2,0,0,19.2,206.46,32.2,8.8,4.8,81.02,Rain
London,7/28/2020,21.1,13.2,16.9,,,0.6,0,0,16.7,276.83,,12.7,0.6,61.19,Rain
London,7/29/2020,23,10.2,17.7,,,0,0,0,10.9,254.46,,13,0.4,58.49,Clear
London,7/30/2020,29,13.1,21.7,,27.8,0,0,0,7.6,180.33,,12.8,0.1,48.78,Clear
London,7/31/2020,36.1,17.2,25.6,,35.6,0,0,0,15.3,150.96,34.4,11.2,0.1,52.03,Clear
London,8/1/2020,26.1,17.1,21.4,,,0,0,0,13.8,262.42,,11.9,0.6,61.03,Clear
London,8/2/2020,23.7,13.7,18.9,,,0,0,0,13.3,263.83,20.8,12.9,0.5,59.12,Clear
London,8/3/2020,23.5,15.5,18.9,,,0,0,0,12.6,267.83,,13.4,0.5,53.17,Clear
London,8/4/2020,23.1,12.2,18.1,,,0,0,0,14.2,187.08,,12.4,0.3,63.11,Clear
London,8/5/2020,25.6,15.7,20.6,,,0,0,0,17.7,221.92,28.9,12.7,0.7,58.67,Clear
London,8/6/2020,28.7,19.2,22.6,,28.8,0,0,0,10,190.67,,12,1.2,67.25,Clear
London,8/7/2020,35.6,15.2,25.2,,34.2,0,0,0,11.8,153.88,20.8,11.2,0.2,52.32,Clear
London,8/8/2020,32.6,20.2,25.4,,32.8,0,0,0,12,109.67,,10.1,0.4,56.63,Clear
London,8/9/2020,31.6,18,24.3,,32.5,0,0,0,13.1,62.96,,8.2,0.5,63.11,Clear
London,8/10/2020,34.3,19.6,26.4,,34.1,0,0,0,13.1,82.96,20.8,9,0.2,58.7,Clear
London,8/11/2020,34.1,21.2,27.5,,34.1,0,0,0,9.1,91.88,10.3,8.2,0.2,57.34,Clear
London,8/12/2020,34,22.1,26.9,,35.2,4.4,0,0,15,98.25,30,6.3,1.2,59.87,Rain
London,8/13/2020,28,19.1,23.1,,29.2,12.55,0,0,9.4,64.13,0,6.4,0.9,71.72,Rain
London,8/14/2020,20.1,18,18.9,,,9.26,0,0,7.6,257.92,0,5.7,1.9,84.95,Rain
London,8/15/2020,20.5,17.6,18.9,,,7.2,0,0,7.3,148.67,,3.5,1.8,91.65,Rain
London,8/16/2020,24.5,17.1,20.5,,,15.8,0,0,6.6,192.21,,6.7,1.2,83.31,Rain
London,8/17/2020,21.7,15.7,18.8,,,13.81,0,0,10,213.04,18.3,10,0.7,80.08,Rain
London,8/18/2020,23.2,16.6,19.9,,,5.79,0,0,13.2,219.46,35.6,12.1,0.9,73.6,Rain
London,8/19/2020,20.6,16.2,18.6,,,10.02,0,0,11.7,153,,6.5,1.2,92.26,Rain
London,8/20/2020,25.2,17.1,20.9,,,0.4,0,0,16.6,200.92,30.3,9.2,0.6,65.41,Rain
London,8/21/2020,22.6,18.6,20.5,,,0.2,0,0,24.3,212.79,40.1,8.9,1.1,65.39,Rain
London,8/22/2020,22.5,16.6,18.9,,,1,0,0,18.7,237.08,36,10.3,1,66.12,Rain
London,8/23/2020,21.5,15.5,18,,,0,0,0,15.6,254.33,28.9,11.7,1.1,68.36,Clear
London,8/24/2020,22.1,13.7,17.2,,,1,0,0,10.5,241.58,,11.6,0.8,76.28,Rain
London,8/25/2020,21.6,15.7,18,,,6.23,0,0,21.9,205.04,41.2,8,1.4,80.91,Rain
London,8/26/2020,21.1,15.6,18.3,,,1,0,0,22.5,266.21,40.7,12.4,4.8,64.27,Rain
London,8/27/2020,18.5,13.2,15.6,,,8.6,0,0,14.8,202,,8.6,8.5,81.48,Rain
London,8/28/2020,19.1,12.2,15.1,,,12.59,0,0,17.2,280.25,31.1,9.7,1.2,81.47,Rain
London,8/29/2020,15.5,12,13.4,,,7.4,0,0,14.9,331.04,33.3,9.6,1.7,78.07,Rain
London,8/30/2020,16.6,12.5,14.2,,,0.74,0,0,14.3,208.63,23,11.6,1.2,67.52,Rain
London,8/31/2020,17.1,8.6,13.1,,,0,0,0,6,206.67,,12.3,0.5,69.65,Clear
London,9/1/2020,19.6,7.7,14.5,7.3,,0,0,0,9,199.33,,11.2,0.1,68.74,Clear
London,9/2/2020,20.1,10.6,15.4,,,0.6,0,0,11.7,215.38,,10.2,0.6,76.14,Rain
London,9/3/2020,21.7,16.1,18.7,,,2.99,0,0,15.7,236.79,28.9,9.4,1.6,82.64,Rain
London,9/4/2020,18.7,13.2,16,,,1,0,0,12.5,256.54,,9.8,0.9,73.4,Rain
London,9/5/2020,18.2,10.2,14.2,,,1.99,0,0,12.8,270,11.4,10.1,0.3,72.79,Rain
London,9/6/2020,19.1,10.2,14.7,,,0,0,0,9.6,259.13,10.3,12.5,0.5,73.11,Clear
London,9/7/2020,20.7,11.1,16,,,0,0,0,14.4,245.38,5.8,11.1,0.8,78.2,Clear
London,9/8/2020,24.6,16.2,19.9,,,0,0,0,12.2,254.63,,11.1,1.5,78.84,Clear
London,9/9/2020,21.6,14.6,18.3,,,0,0,0,11.6,253.96,,11.5,0.9,74.32,Clear
London,9/10/2020,19.6,11.1,15.3,,,0,0,0,7.6,208.13,,10.9,0.5,60.19,Clear
London,9/11/2020,19.2,9.2,14.6,8.4,,0.2,0,0,13.7,236.71,,11.1,0.8,67.52,Rain
London,9/12/2020,21.7,13.1,16.9,,,0,0,0,12.4,246.08,,11.6,0.7,66,Clear
London,9/13/2020,25.1,13.6,18.5,,,0,0,0,12.9,228.25,21.9,10.1,0.1,71.54,Clear
London,9/14/2020,28.5,11.7,19.5,,27.6,0,0,0,10.2,99.67,,10.9,0,70.01,Clear
London,9/15/2020,30,16,22,,30.3,0,0,0,8,161.08,,7,0.2,70.16,Clear
London,9/16/2020,26,16.6,21.2,,,0,0,0,14.6,85.63,,8.6,0.6,64.42,Clear
London,9/17/2020,22,13.6,16.9,,,0,0,0,17,64.5,21.9,9.7,0.8,63.18,Clear
London,9/18/2020,21.1,11.5,16.3,,,0,0,0,19.5,57.92,30.5,11,0.1,64.97,Clear
London,9/19/2020,25,13.6,18.6,,,0,0,0,18.9,58.67,24.2,9.9,0.1,61.56,Clear
London,9/20/2020,25,14.1,18.7,,,0,0,0,11.9,55.5,,9.5,0.1,64.94,Clear
London,9/21/2020,24,14.1,17,,,0,0,0,4.9,127.83,,7.5,0.9,73.54,Clear
London,9/22/2020,25,12.7,18.2,,,0,0,0,14.6,228.88,19.8,9.2,0.5,71.17,Clear
London,9/23/2020,18.7,11.1,16,,,4.61,0,0,17.4,225.08,28.9,9.6,1.3,83.54,Rain
London,9/24/2020,16.5,8.1,11.6,6.8,,7.65,0,0,15,210.92,36.3,11.3,0.5,75.09,Rain
London,9/25/2020,15,8.2,11.3,5.7,,2.19,0,0,24.4,302.63,40.8,11.4,0.9,67.27,Rain
London,9/26/2020,12.7,7.6,10.6,4.2,,0.2,0,0,16.7,311.63,33.3,12.1,0.9,65.69,Rain
London,9/27/2020,14,11,12.1,,,0,0,0,15.7,328.17,31.2,11.4,1.8,69.82,Clear
London,9/28/2020,18.6,10.5,13.8,,,0,0,0,12.1,286.42,,10.5,0.9,69.58,Clear
London,9/29/2020,19.1,13.2,15.7,,,3.55,0,0,9.5,234.83,,6.9,1.3,83.25,Rain
London,9/30/2020,17.6,11.1,14.2,,,1.21,0,0,14.5,192.83,28.9,8,0.9,86.34,Rain
London,10/1/2020,16,11,13,,,5.99,0,0,11.2,230.21,,10.8,1,76,Rain
London,10/2/2020,14.1,11,12.7,,,16.58,0,0,26.2,79.38,41.3,6.6,1.5,91.61,Rain
London,10/3/2020,15.1,11.2,13.8,,,43.73,0,0,12.9,144,,7.7,1.4,89.73,Rain
London,10/4/2020,11.1,9.2,10.1,6,,28.21,0,0,15.2,233.38,30,6.5,1.4,93.64,Rain
London,10/5/2020,17.6,9.1,12.8,6.6,,0.6,0,0,16.2,250.67,30,10.4,1,84.29,Rain
London,10/6/2020,16.1,11.6,13.3,,,5.79,0,0,20.5,249.5,34,10.9,1.3,81.64,Rain
London,10/7/2020,16.5,9.2,12.6,6.4,,0,0,0,16.2,247.96,28.9,10.6,0.6,76.07,Clear
London,10/8/2020,18.1,8.7,14.6,,,5.2,0,0,18,260.67,33.3,9.2,1.4,83.35,Rain
London,10/9/2020,14.2,7.1,9.7,4.1,,2,0,0,14.9,254.08,,10.9,0.5,86.99,Rain
London,10/10/2020,13.2,5.1,9.2,2.1,,0.2,0,0,13.6,264.67,,12.3,0.8,83.64,Rain
London,10/11/2020,14.1,7.6,10.6,5.6,,1,0,0,9.5,306.96,,11.8,0.7,78.7,Rain
London,10/12/2020,13.1,6.7,9.8,5.9,,2.44,0,0,9,224.92,,8.3,1.1,88.84,Rain
London,10/13/2020,11,7.2,9.7,5.4,,8.97,0,0,10.7,220.75,,8.5,1.5,89.82,Rain
London,10/14/2020,14.1,8.6,11.1,6.7,,2.2,0,0,12.8,50.83,,10,0.8,81.11,Rain
London,10/15/2020,13,8.5,10.2,6.4,,0.8,0,0,11.2,114.21,,11.2,0.5,79.68,Rain
London,10/16/2020,13,8,10.7,7.2,,0.2,0,0,7.2,109.71,,10.4,1,75.99,Rain
London,10/17/2020,12.5,9.7,10.9,8.9,,1,0,0,6.1,152.08,,10.2,1.8,78.1,Rain
London,10/18/2020,13,9.1,10.6,8.3,,0.2,0,0,5.4,251.17,,8.2,1.2,82.67,Rain
London,10/19/2020,15.7,8.7,12.4,7.3,,0,0,0,14.2,154.38,26.4,10,0.7,70.48,Clear
London,10/20/2020,18.1,12.6,15.4,,,0.8,0,0,18.1,179.04,30,8.8,1,78.3,Rain
London,10/21/2020,15.7,13.1,14.7,,,17.02,0,0,14.1,171.67,28.9,7.4,1.5,91.95,Rain
London,10/22/2020,16.5,11.1,13.3,,,0.2,0,0,15.1,229.13,19.7,10.1,0.7,81.77,Rain
London,10/23/2020,15.7,9.2,12.7,7.4,,1.2,0,0,15.8,217.92,31.1,9.4,1,84.91,Rain
London,10/24/2020,16.1,8.7,12.9,8.2,,1,0,0,21.8,199.83,42.1,8.1,1.3,83.84,Rain
London,10/25/2020,12.5,8.7,10.4,7.1,,8.06,0,0,12.3,205.92,,10.5,0.4,83.82,Rain
London,10/26/2020,13.2,7.5,9.9,4.9,,0.4,0,0,15.6,233.75,,10.2,0.3,81.14,Rain
London,10/27/2020,14.1,7.1,10,4.9,,6,0,0,14.8,215.67,31,7.6,0.9,88.84,Rain
London,10/28/2020,13.5,8.4,10,4.9,,2.4,0,0,18.4,230.04,42.3,9.8,0.5,79.87,Rain
London,10/29/2020,14.9,8.4,12,,,3.21,0,0,0.3,229.38,31,8.3,1.1,86.01,Rain
London,10/30/2020,16.4,14.6,15.3,,,0.4,0,0,11.9,227.33,32.2,8.3,1.8,85.44,Rain
London,10/31/2020,15.5,11.1,13.5,,,7.62,0,0,18.2,205.67,33.3,8.2,1.4,81.41,Rain
London,11/1/2020,17.5,10.7,14.8,,,1,0,0,20.7,207.46,35.8,7.2,1.6,82.52,Rain
London,11/2/2020,17.6,8.2,14.1,5.8,,1.41,0,0,27.8,238.04,43.8,9.1,1,72.7,Rain
London,11/3/2020,10.7,5.7,8.2,3.1,,9.77,0,0,22.1,230.46,30,9.9,0.8,77.82,Rain
London,11/4/2020,11.6,2.2,6.3,0.4,,0.4,0,0,6.6,271.88,,8.8,0.1,84.31,Rain
London,11/5/2020,10.1,3.1,5.5,1.2,,0.2,0,0,4.4,183.38,,3.4,1.4,93.47,Rain
London,11/6/2020,11.7,3.5,7.8,1.8,,0.4,0,0,13.5,76,,6,0.6,81.64,Rain
London,11/7/2020,13.7,6.1,9.7,5.2,,0,0,0,7.3,85.04,,5.6,0.3,87.15,Clear
London,11/8/2020,15.5,10.1,12.7,,,0.2,0,0,5.8,134.79,,3.1,1.4,91.47,Rain
London,11/9/2020,17,11.6,13.7,,,4.21,0,0,6.6,129.08,,5.9,1.2,92.46,Rain
London,11/10/2020,14.7,9.6,12.3,9,,4,0,0,7.6,193.38,,6.4,0.8,92.09,Rain
London,11/11/2020,13.6,9.6,12.1,8.7,,0.6,0,0,16.2,161.21,29.8,8.1,1,87.7,Rain
London,11/12/2020,13,9.6,11.1,6.9,,3.02,0,0,15.8,219.5,30,10.7,0.8,79.3,Rain
London,11/13/2020,12.7,9.7,11.1,8.3,,0.6,0,0,11.8,201.08,31.1,10,0.9,80.37,Rain
London,11/14/2020,14.6,10.1,13,,,4.78,0,0,15.8,179.25,35.9,6.7,1.4,86.2,Rain
London,11/15/2020,14.5,7.7,11.2,4.1,,18.64,0,0,18.4,214.04,43.3,8.6,1,82.53,Rain
London,11/16/2020,13.2,7.7,10.8,4.4,,0.6,0,0,17.5,240.63,31.1,9.4,7.9,80.47,Rain
London,11/17/2020,14.6,12,13.3,,,1,0,0,16.5,227.46,25.3,8.7,1.7,83,Rain
London,11/18/2020,16.2,8.7,12.6,5.2,,0.4,0,0,15.9,216.83,37,8.3,1.1,78.07,Rain
London,11/19/2020,10.5,5,8.4,2.9,,1.91,0,0,18,278.13,30.3,10.7,1,75.98,Rain
London,11/20/2020,11,2.1,6.8,-0.2,,1.4,0,0,11.3,219.42,,8.1,1.2,89.09,Rain
London,11/21/2020,12.2,10.6,11.4,,,0.4,0,0,19.2,238.83,33.3,11.8,1.6,79.4,Rain
London,11/22/2020,11.6,6.1,9.5,5.4,,0.6,0,0,10.4,270.21,,9.9,0.9,82.88,Rain
London,11/23/2020,10,3.7,7,2.3,,0,0,0,7.7,219.38,,6.9,0.8,89.2,Clear
London,11/24/2020,12.1,9.6,10.7,7.8,,0,0,0,12,188.29,,10.9,1.1,81.76,Clear
London,11/25/2020,14,8.1,10.7,7.5,,0.4,0,0,10.1,231.63,0,8.7,1.5,84.44,Rain
London,11/26/2020,9.5,4.6,7.6,6.9,,0.6,0,0,4.4,177.83,,7.2,0.6,79.88,Rain
London,11/27/2020,7.1,1.1,4.7,-0.5,,0.26,0,0,6.1,191.42,,3.6,1.1,89.41,Rain
London,11/28/2020,10.6,7.6,9.3,6,,0,0,0,9.1,83.58,20.8,2.5,1.8,90.05,Clear
London,11/29/2020,9.5,7.2,8.3,5.9,,0,0,0,6.7,124.88,,2.7,1.8,88.7,Clear
London,11/30/2020,10.6,5.2,7.4,1.4,,0.2,0,0,16.9,261.79,32.7,5,1.6,89.36,Rain
London,12/1/2020,8.6,5.5,6.6,2.2,,0.2,0,0,11.9,317.04,,11.1,0.6,72.52,Rain
London,12/2/2020,7.2,3.5,5.7,1.5,,0.2,0,0,9.7,242.75,,7.2,1.1,84.01,Rain
London,12/3/2020,7.6,3.7,5.5,1.6,,14.41,0,0,11.1,187.63,,7,1,91.43,Rain
London,12/4/2020,6,3.6,4.7,-1,,4,0,0,14.2,247.17,,8.4,1.4,83.89,Rain
London,12/5/2020,8.1,4,5.6,1,,0.2,0,0,11.4,96.92,26.4,12.1,0.6,78.16,Rain
London,12/6/2020,5.6,2.1,4.1,0.2,,2.2,0,0,5.2,193.17,,5.3,1.4,86.22,Rain
London,12/7/2020,3.6,1,2.4,-1.1,,0,0,0,5.2,128.5,,1.3,1.4,93.72,Clear
London,12/8/2020,4.2,1.7,3,0.4,,0.81,0,0,5.5,237.63,,3.7,1.1,93.67,Rain
London,12/9/2020,7,4.6,5.6,1.6,,1.99,0,0,10.7,217.04,,7.9,1.2,87.1,Rain
London,12/10/2020,7.7,6,7,3.1,,0,0,0,11.9,121.08,,7.5,1.6,84.95,Clear
London,12/11/2020,11.1,7.7,9.2,5.8,,8.88,0,0,8.5,207.08,,6.5,1.6,93.52,Rain
London,12/12/2020,9.7,3.2,7.9,0.1,,0.4,0,0,14.3,269.38,,8.8,1.3,85.23,Rain
London,12/13/2020,11.7,2.2,7.4,-0.6,,2,0,0,13.8,170.67,24.2,6.5,1.2,92.07,Rain
London,12/14/2020,12.6,8.7,10.5,6.4,,14.37,0,0,14.6,203.54,36.9,7.6,0.9,87.95,Rain
London,12/15/2020,11.6,8.2,9.4,5.7,,2.2,0,0,10.3,187.92,,8.4,0.5,86.84,Rain
London,12/16/2020,11,8.1,9.4,6.2,,2.01,0,0,15,163.08,,9.5,1,85.29,Rain
London,12/17/2020,11.6,6.7,9.4,4.8,,0.4,0,0,12.6,215.58,,9.1,0.7,85.11,Rain
London,12/18/2020,12.2,11.1,11.5,,,5.4,0,0,16.3,191.63,31.1,6.7,1.7,87.14,Rain
London,12/19/2020,12.5,7.7,10.5,5.1,,4.83,0,0,16.4,192.38,30,7.8,1,82.64,Rain
London,12/20/2020,10.2,6.2,8.1,3.7,,5.79,0,0,14.4,212.63,,9.9,0.5,82.67,Rain
London,12/21/2020,13.7,7.1,11.2,4.9,,2.01,0,0,15.4,194.58,30,7.4,1.6,91.68,Rain
London,12/22/2020,14.1,10.2,11.7,,,4.99,0,0,17.9,201.96,32.4,9.3,1.8,87.27,Rain
London,12/23/2020,13.1,9.1,11.4,7,,3,0,0,13,193.04,28.9,7.8,1.6,91.1,Rain
London,12/24/2020,7.7,3.2,5.4,-1.2,,2.29,0,0,16.5,273.5,34,12.3,1.2,76.34,Rain
London,12/25/2020,4.6,1.5,2.7,-2.3,,0.2,0,0,11.2,292.75,,12.7,0.7,73.7,Rain
London,12/26/2020,10.7,1.2,6.8,-2.4,,0,0,0,22.6,230.92,36.4,11.7,1.5,84.25,Clear
London,12/27/2020,10.2,2.2,6.5,0.9,,16.99,0,0,26.3,223.17,50.8,8.7,0.8,81.97,Rain
London,12/28/2020,3.6,0.7,2.4,-2,,0.2,0,0,10.7,172.04,,6.2,1.3,91.17,Rain
London,12/29/2020,4.6,1.6,3,-2.7,,0.2,0,0,10.2,300.54,,6.9,1.8,84.84,Rain
London,12/30/2020,5.1,0.1,2.1,-3.9,,0.4,0,0,10.5,248.88,,8.2,0.6,88.66,Rain
London,12/31/2020,2.1,-0.9,0.8,-4.4,,0,0,0,7.2,301.21,,4.9,1.5,88.39,Clear
London,1/1/2021,5,-0.4,2.7,-4,,0.4,0,0,7.5,293.75,,3.7,1.6,91.47,Rain
London,1/2/2021,5.1,1.2,3.2,-1.6,,0.4,0,0,8.1,306.38,,8.1,1.2,82.71,Rain
London,1/3/2021,6,2.6,4.3,0.2,,2.4,0,0,9.9,105.71,,7.6,1.4,84.5,Rain
London,1/4/2021,5.6,3,4.1,-0.6,,3.2,0,0,14.9,39.13,32.2,9.7,1.4,80.73,Rain
London,1/5/2021,4.6,2.6,3.9,-1.1,,1.6,0,0,10.6,20.71,,8.6,1.5,83.66,Rain
London,1/6/2021,5.6,0.7,3.6,-2.2,,6.22,0,0,8.2,169.92,,7.6,1.1,83.52,Rain
London,1/7/2021,3.1,-0.9,0.6,-4.7,,0,0,0,8.3,271.13,,4.9,0.8,88.25,Clear
London,1/8/2021,2.5,-0.1,0.9,-2.3,,0,0,0,4.9,124.5,,3.3,1.6,90.68,Clear
London,1/9/2021,4.5,-1.6,0.7,-5.2,,0.2,0,0,6.5,218.58,,3.2,1,89.83,Rain
London,1/10/2021,4.2,-1.2,2.2,-5.1,,0,0,0,8.2,249.63,,4.1,1.7,91.02,Clear
London,1/11/2021,9,4.7,7.7,1.7,,2.99,0,0,18.1,249.08,35.8,9.3,1.6,84.58,Rain
London,1/12/2021,9.5,1.2,5.5,-0.6,,5,0,0,16.2,282.08,,7.6,1.1,85.61,Rain
London,1/13/2021,9.6,3.6,7.2,1.5,,3,0,0,9.7,230.88,,3,1.6,96.07,Rain
London,1/14/2021,5.6,1.6,3.9,-1.5,,27.15,0,0,15,115.17,,4.3,1.5,92.72,Rain
London,1/15/2021,4.1,1.2,2.6,-0.8,,0.2,0,0,8.7,230.13,,6.5,1.3,83.85,Rain
London,1/16/2021,7.2,1.7,5.5,-2.8,,5.21,0,0,12.1,232.54,,7.7,1.5,88.09,Rain
London,1/17/2021,8,2.6,5.1,-1.2,,0,0,0,12.9,271.21,,9.2,0.5,81.35,Clear
London,1/18/2021,10.1,2.7,6.8,-0.5,,0.4,0,0,15.5,229.08,30,8.1,1.1,87.78,Rain
London,1/19/2021,11.6,10.1,10.9,,,1.38,0,0,18.6,226.63,35.8,7.9,1.7,84.83,Rain
London,1/20/2021,10.7,4.6,9.2,6.3,,7.42,0,0,18.5,204,37.1,6.9,1.6,85.31,Rain
London,1/21/2021,8.8,2.1,6.1,-2,,2.8,0,0,11.1,240.25,39.1,10.6,0.5,75.68,Rain
London,1/22/2021,7.1,0.6,4.1,-3.6,,0.8,0,0,9.8,240,,9.8,0.6,83.04,Rain
London,1/23/2021,4.5,-1.8,1.2,-5.4,,0,0,0,9.7,273.71,,8.5,0.7,87.32,Clear
London,1/24/2021,2,-1.9,1.1,-5,,3.2,0,0,8.7,240.17,,7.2,1,89.66,Rain
London,1/25/2021,5.1,-1.1,1.5,-4.8,,0.4,0,0,12.6,267.54,,9.5,0.1,78.84,Rain
London,1/26/2021,7.5,-0.4,4.6,-4.1,,1.6,0,0,11.3,214.75,,6.5,1.1,91.1,Rain
London,1/27/2021,9.6,7.2,8.7,5.2,,4.2,0,0,7.7,203.96,,4,1.6,95.53,Rain
London,1/28/2021,13,9.2,11.2,6.4,,19.8,0,0,18.4,237.96,31.1,7.5,1.5,87.68,Rain
London,1/29/2021,11.1,7.2,9,4.6,,9.99,0,0,14.8,248.21,,8.3,1.5,84.61,Rain
London,1/30/2021,6.7,2.1,4.4,-2.1,,15.6,0,0,18.1,76.33,33.3,6.4,1.5,85.83,Rain
London,1/31/2021,4.1,1.6,3.3,-1.9,,1.4,0,0,14.5,67.29,,5.9,1.1,85.26,Rain
London,2/1/2021,5.6,3.6,4.2,1,,0.2,0,0,9.3,188.75,,4.5,1.7,88.19,Rain
London,2/2/2021,13.1,6.1,10.3,3.7,,6.26,0,0,16.6,206.96,28.9,5.9,1.5,84.02,Rain
London,2/3/2021,10.5,4.6,7.7,2.2,,1,0,0,10.4,235,,7.9,0.8,84.07,Rain
London,2/4/2021,9.1,4.1,7.6,2.4,,12.18,0,0,8.8,154.79,,6.3,1.2,93.45,Rain
London,2/5/2021,11.1,6.2,8.1,4.9,,3.99,0,0,8.5,194.75,,8.1,1,84.86,Rain
London,2/6/2021,8.1,3.2,6.2,-1.2,,7.75,0,0,14.2,83.54,30,5.8,1.6,88.24,Rain
London,2/7/2021,3.5,-1.5,0.8,-7,,3.6,0,0,17.1,37,35.8,5.6,1.6,80.45,Rain
London,2/8/2021,-0.2,-1.5,-0.7,-6.9,,0,0,0,11.7,43.88,22.3,6.7,1.6,80.17,Clear
London,2/9/2021,0.6,-0.5,0.1,-5.8,,0,0,0,15.4,65.38,,8.8,1.8,76.83,Clear
London,2/10/2021,2,-1.7,0.2,-5.6,,0,0,0,11.2,52.2,,8.9,16.7,70.32,Clear
London,2/11/2021,0.3,-2.9,-0.9,-7.2,,0,0,0,16.3,89,,6.2,73.6,74.98,Partially cloudy
London,2/12/2021,1,-1.4,-0.5,-8.7,,0,0,0,22.4,90.33,32.2,6.2,92.5,62.89,Overcast
London,2/13/2021,2,-3.2,0.2,-9.9,,0,0,0,15.7,124.14,28.9,10.7,4.1,53.43,Clear
London,2/14/2021,6.5,1.5,3.7,-3.1,,1.6,0,0,13.3,157.92,31.1,8.9,1,67.08,Rain
London,2/15/2021,12.6,6.6,9.6,4.4,,2.2,0,0,10.6,199.5,18.3,7.5,1.6,86.64,Rain
London,2/16/2021,10.5,7.6,9.2,4.8,,2.2,0,0,12.3,213.5,,7.5,1.2,86.13,Rain
London,2/17/2021,11.5,9.1,10.3,6.5,,0.4,0,0,16,201.83,30,7.5,1.3,82.24,Rain
London,2/18/2021,11.1,5.6,8.2,2.5,,3.41,0,0,16.2,209.58,31,9.9,0.5,75.08,Rain
London,2/19/2021,12,6.1,9.4,3.6,,0,0,0,14.9,178.48,30,7.8,33.4,78.38,Partially cloudy
London,2/20/2021,15.5,11.6,13.5,,,0,0,0,15.3,182.75,31.1,9.1,28.9,64.06,Partially cloudy
London,2/21/2021,14.1,8.6,11.2,7.6,,0.2,0,0,10.3,159.46,,9.2,13.8,77.03,Rain
London,2/22/2021,11.5,6.2,9.6,4.2,,0.8,0,0,6.9,194.5,,5.9,1.1,88.88,Rain
London,2/23/2021,14,6.6,11.7,4.3,,0,0,0,17.7,198.04,33.8,10.5,0.6,68.77,Clear
London,2/24/2021,16,11.6,13.5,,,0,0,0,15.8,201.17,26.9,10.8,0.6,67.54,Clear
London,2/25/2021,12.1,3.2,9.2,1.8,,0.2,0,0,10,277.08,,10.4,0.7,72.43,Rain
London,2/26/2021,12.6,1.7,6.8,1.7,,0,0,0,5.7,289.96,,9.6,0,71.08,Clear
London,2/27/2021,13,2.1,7.4,2.7,,0.2,0,0,7.4,122.5,,7.2,0.2,75.19,Rain
London,2/28/2021,10,4,6.2,1.4,,0,0,0,10.7,65.83,,5,1,83.61,Clear
London,3/1/2021,10.1,4.5,6.3,1,,0,0,0,12.9,71.38,,3.3,1.7,81.23,Clear
London,3/2/2021,9,4.5,5.9,2,,0,0,0,6.9,57.96,,2.3,1.2,86.54,Clear
London,3/3/2021,8.1,4.1,6.1,1.6,,9.49,0,0,6.7,80.96,,0.9,1.5,93.78,Rain
London,3/4/2021,6.1,4,5.2,1.1,,2.4,0,0,8.1,50.88,,8.5,1.8,78.85,Rain
London,3/5/2021,6.5,2.5,4.6,-0.3,,0,0,0,12.1,50.67,,11.6,1.2,64.34,Clear
London,3/6/2021,6.1,3.1,4.7,1.1,,0,0,0,9,73.04,,11.7,1.7,66.65,Clear
London,3/7/2021,6.6,1.6,3.9,0.3,,0,0,0,6.4,105.75,,9.2,1.1,60.66,Clear
London,3/8/2021,10,0.1,5.2,-2.9,,0,0,0,7.1,247.42,,7.4,0.5,70.33,Clear
London,3/9/2021,13.6,3.1,7.8,0.4,,0,0,0,12.8,253.38,,9.1,0.3,64.55,Clear
London,3/10/2021,11.1,6.6,8.2,3.4,,1,0,0,19.1,209.92,34.7,6,1.5,83.92,Rain
London,3/11/2021,12.1,6,9.9,1.6,,6.61,0,0,29.2,246.58,48.9,9.2,1.1,66.48,Rain
London,3/12/2021,11.1,5.1,7.8,0.8,,4.8,0,0,22.9,236.21,40.1,9.5,0.8,72.62,Rain
London,3/13/2021,10.6,4.6,7.3,-0.2,,5.01,0,0,28.2,258.42,46.5,11,1,67.9,Rain
London,3/14/2021,10.6,5.2,8,1.3,,0.49,0,0,18.9,267.17,31.7,10.4,5.1,73.23,Rain
London,3/15/2021,10.6,8,9.2,5.2,,0,0,0,14.6,306.48,28.9,6.2,74.8,71.86,Partially cloudy
London,3/16/2021,13.3,7.6,9.7,5.4,,0,0,0,15.9,255.64,19.7,6.2,85.9,75.76,Overcast
London,3/17/2021,9.3,5.3,7.1,3.2,,0,0,0,8.8,317.25,,6.2,54.9,75.2,Partially cloudy
